DSC00524.JPG,2019:03:11 13:51:51,3200,1/1600
DSC00525.JPG,2019:03:11 13:55:58,500,1/1600
DSC00526.JPG,2019:03:11 13:56:00,500,1/1600
DSC00527.JPG,2019:03:11 13:56:03,400,1/1600
DSC00528.JPG,2019:03:11 13:56:05,320,1/1600
DSC00529.JPG,2019:03:11 13:56:07,320,1/1600
DSC00530.JPG,2019:03:11 13:56:10,320,1/1600
DSC00531.JPG,2019:03:11 13:56:12,320,1/1600
DSC00532.JPG,2019:03:11 13:56:14,320,1/1600
DSC00533.JPG,2019:03:11 13:56:16,320,1/1600
DSC00534.JPG,2019:03:11 13:56:40,320,1/1600
DSC00535.JPG,2019:03:11 13:56:44,200,1/1600
DSC00536.JPG,2019:03:11 13:56:48,250,1/1600
DSC00537.JPG,2019:03:11 13:56:52,250,1/1600
DSC00538.JPG,2019:03:11 13:56:55,250,1/1600
DSC00539.JPG,2019:03:11 13:56:59,200,1/1600
DSC00540.JPG,2019:03:11 13:57:03,320,1/1600
DSC00541.JPG,2019:03:11 13:57:07,400,1/1600
DSC00542.JPG,2019:03:11 13:57:10,500,1/1600
DSC00543.JPG,2019:03:11 13:57:31,500,1/1600
DSC00544.JPG,2019:03:11 13:57:33,400,1/1600
DSC00545.JPG,2019:03:11 13:57:36,250,1/1600
DSC00546.JPG,2019:03:11 13:57:38,250,1/1600
DSC00547.JPG,2019:03:11 13:57:40,250,1/1600
DSC00548.JPG,2019:03:11 13:57:43,250,1/1600
DSC00549.JPG,2019:03:11 13:57:45,320,1/1600
DSC00550.JPG,2019:03:11 13:57:47,320,1/1600
DSC00551.JPG,2019:03:11 13:57:50,400,1/1600
DSC00552.JPG,2019:03:11 13:58:12,640,1/1600
DSC00553.JPG,2019:03:11 13:58:16,500,1/1600
DSC00554.JPG,2019:03:11 13:58:20,320,1/1600
DSC00555.JPG,2019:03:11 13:58:24,200,1/1600
DSC00556.JPG,2019:03:11 13:58:28,250,1/1600
DSC00557.JPG,2019:03:11 13:58:32,200,1/1600
DSC00558.JPG,2019:03:11 13:58:35,320,1/1600
DSC00559.JPG,2019:03:11 13:58:39,500,1/1600
DSC00560.JPG,2019:03:11 13:59:03,640,1/1600
DSC00561.JPG,2019:03:11 13:59:05,500,1/1600
DSC00562.JPG,2019:03:11 13:59:08,250,1/1600
DSC00563.JPG,2019:03:11 13:59:11,320,1/1600
DSC00564.JPG,2019:03:11 13:59:13,400,1/1600
DSC00565.JPG,2019:03:11 13:59:16,320,1/1600
DSC00566.JPG,2019:03:11 13:59:18,400,1/1600
DSC00567.JPG,2019:03:11 13:59:20,500,1/1600
DSC00568.JPG,2019:03:11 13:59:46,640,1/1600
DSC00569.JPG,2019:03:11 13:59:50,500,1/1600
DSC00570.JPG,2019:03:11 13:59:53,400,1/1600
DSC00571.JPG,2019:03:11 13:59:57,320,1/1600
DSC00572.JPG,2019:03:11 14:00:01,320,1/1600
DSC00573.JPG,2019:03:11 14:00:04,320,1/1600
DSC00574.JPG,2019:03:11 14:00:08,320,1/1600
DSC00575.JPG,2019:03:11 14:00:12,640,1/1600
DSC00576.JPG,2019:03:11 14:00:35,1000,1/1600
DSC00577.JPG,2019:03:11 14:00:38,640,1/1600
DSC00578.JPG,2019:03:11 14:00:40,400,1/1600
DSC00579.JPG,2019:03:11 14:00:43,320,1/1600
DSC00580.JPG,2019:03:11 14:00:45,320,1/1600
DSC00581.JPG,2019:03:11 14:00:48,320,1/1600
DSC00582.JPG,2019:03:11 14:00:50,400,1/1600
DSC00583.JPG,2019:03:11 14:00:53,640,1/1600
DSC00584.JPG,2019:03:11 14:01:17,800,1/1600
DSC00585.JPG,2019:03:11 14:01:20,640,1/1600
DSC00586.JPG,2019:03:11 14:01:24,640,1/1600
DSC00587.JPG,2019:03:11 14:01:27,640,1/1600
DSC00588.JPG,2019:03:11 14:01:30,640,1/1600
DSC00589.JPG,2019:03:11 14:01:34,640,1/1600
DSC00590.JPG,2019:03:11 14:01:37,640,1/1600
DSC00591.JPG,2019:03:11 14:01:40,800,1/1600
DSC00592.JPG,2019:03:11 14:02:13,800,1/1600
DSC00593.JPG,2019:03:11 14:02:15,640,1/1600
DSC00594.JPG,2019:03:11 14:02:17,400,1/1600
DSC00595.JPG,2019:03:11 14:02:20,400,1/1600
DSC00596.JPG,2019:03:11 14:02:22,500,1/1600
DSC00597.JPG,2019:03:11 14:02:24,400,1/1600
DSC00598.JPG,2019:03:11 14:02:27,500,1/1600
DSC00599.JPG,2019:03:11 14:02:29,400,1/1600
DSC00600.JPG,2019:03:11 14:02:31,640,1/1600
DSC00601.JPG,2019:03:11 14:02:54,500,1/1600
DSC00602.JPG,2019:03:11 14:02:59,500,1/1600
DSC00603.JPG,2019:03:11 14:03:02,400,1/1600
DSC00604.JPG,2019:03:11 14:03:06,400,1/1600
DSC00605.JPG,2019:03:11 14:03:10,400,1/1600
DSC00606.JPG,2019:03:11 14:03:14,500,1/1600
DSC00607.JPG,2019:03:11 14:03:18,500,1/1600
DSC00608.JPG,2019:03:11 14:03:21,640,1/1600
DSC00609.JPG,2019:03:11 14:03:25,800,1/1600
